{"version": "1", "message": "ERROR: Hidden Testcases server unreachable.", "problem_id": "ads2_m2_a1_1", "user_id": "SSrineha", "score": {"sample": {"0": {"execution_time": 0.7829813957214355, "passed": true}, "1": {"execution_time": 0.4986572265625, "passed": true}, "2": {"execution_time": 0.5234279632568359, "passed": true}, "3": {"execution_time": 0.6619911193847656, "passed": true}, "4": {"execution_time": 0.49071478843688965, "passed": true}, "5": {"execution_time": 0.9274861812591553, "passed": true}, "6": {"execution_time": 0.6319949626922607, "passed": true}, "7": {"execution_time": 0.5662055015563965, "passed": true}, "8": {"execution_time": 0.8205893039703369, "passed": true}, "9": {"execution_time": 0.560535192489624, "passed": true}, "10": {"execution_time": 0.7362465858459473, "passed": true}, "11": {"execution_time": 1.3748118877410889, "passed": true}, "12": {"execution_time": 0.7611339092254639, "passed": true}, "13": {"execution_time": 0.7519931793212891, "passed": true}, "14": {"execution_time": 1.787583827972412, "passed": true}, "15": {"execution_time": 1.046992301940918, "passed": true}, "16": {"execution_time": 1.1019847393035889, "passed": true}, "17": {"execution_time": 1.1635081768035889, "passed": true}, "18": {"execution_time": 1.3731296062469482, "passed": true}, "19": {"execution_time": 1.3345129489898682, "passed": true}, "20": {"execution_time": 1.2449860572814941, "passed": true}, "21": {"execution_time": 1.3145055770874023, "passed": true}, "22": {"execution_time": 1.3919765949249268, "passed": true}, "23": {"execution_time": 1.1945114135742188, "passed": true}}}, "check_style_score": "0/1"}